ranking,title,worldwide_lifetime_gross,domestic_lifetime_gross,domestic_percentage,foreign_lifetime_gross,foreign_percentage,years,movie_age,gross_in_crores
1,Avatar,2923710708,785221649,26.9,2138489059,73.1,2009,17,292.3710708
2,Avengers: Endgame,2799439100,858373000,30.7,1941066100,69.3,2019,7,279.94391
3,Avatar: The Way of Water,2334484620,688459501,29.5,1646025119,70.5,2022,4,233.448462
5,Ne Zha 2,2259822417,23308176,1,2236514241,99,2025,1,225.9822417
6,Star Wars: Episode VII - The Force Awakens,2071310218,936662225,45.2,1134647993,54.8,2015,11,207.1310218
7,Avengers: Infinity War,2052415039,678815482,33.1,1373599557,66.9,2018,8,205.2415039
8,Spider-Man: No Way Home,1921426073,814866759,42.4,1106559314,57.6,2021,5,192.1426073
9,Zootopia 2,1860415662,426713203,22.9,1433702459,77.1,2025,1,186.0415662
10,Inside Out 2,1698863816,652980194,38.4,1045883622,61.6,2024,2,169.8863816
11,Jurassic World,1671537444,653406625,39.1,1018130819,60.9,2015,11,167.1537444
12,The Lion King,1662020819,543638043,32.7,1118382776,67.3,2019,7,166.2020819
13,The Avengers,1520538536,623357910,41,897180626,59,2012,14,152.0538536
14,Furious 7,1515342457,353007020,23.3,1162335437,76.7,2015,11,151.5342457
15,Top Gun: Maverick,1495696292,718732821,48,776963471,52,2022,4,149.5696292
16,Avatar: Fire and Ash,1481616377,402024599,27.1,1079591778,72.9,2025,1,148.1616377
17,Frozen II,1453683476,477373578,32.8,976309898,67.2,2019,7,145.3683476
18,Barbie,1447138421,636238421,44,810900000,56,2023,3,144.7138421
19,Avengers: Age of Ultron,1405018048,459005868,32.7,946012180,67.3,2015,11,140.5018048
20,The Super Mario Bros. Movie,1360879735,574934330,42.2,785945405,57.8,2023,3,136.0879735
21,Black Panther,1349926083,700426566,51.9,649499517,48.1,2018,8,134.9926083
22,Harry Potter and the Deathly Hallows: Part 2,1342942050,381884297,28.4,961057753,71.6,2011,15,134.294205
23,Deadpool & Wolverine,1338073645,636745858,47.6,701327787,52.4,2024,2,133.8073645
24,Star Wars: Episode VIII - The Last Jedi,1334407706,620181382,46.5,714226324,53.5,2017,9,133.4407706
25,Jurassic World: Fallen Kingdom,1308566455,417719760,31.9,890846695,68.1,2018,8,130.8566455
26,Frozen,1286513286,400953009,31.2,885560277,68.8,2013,13,128.6513286
27,Beauty and the Beast,1266115964,504481165,39.8,761634799,60.2,2017,9,126.6115964
28,Incredibles 2,1243225667,608581744,49,634643923,51,2018,8,124.3225667
29,The Fate of the Furious,1236009236,226008385,18.3,1010000851,81.7,2017,9,123.6009236
30,Iron Man 3,1215577205,409013994,33.6,806563211,66.4,2013,13,121.5577205
31,Minions,1159457503,336045770,29,823411733,71,2015,11,115.9457503
32,Captain America: Civil War,1155046416,408084349,35.3,746962067,64.7,2016,10,115.5046416
33,Aquaman,1152028393,335104314,29.1,816924079,70.9,2018,8,115.2028393
34,The Lord of the Rings: The Return of the King,1148950891,386975644,33.7,761975247,66.3,2003,23,114.8950891
35,Spider-Man: Far from Home,1132723226,391283774,34.5,741439452,65.5,2019,7,113.2723226
36,Captain Marvel,1131416446,426829839,37.7,704586607,62.3,2019,7,113.1416446
37,Transformers: Dark of the Moon,1123794079,352390543,31.4,771403536,68.6,2011,15,112.3794079
38,Skyfall,1108594137,304360277,27.4,804233860,72.6,2012,14,110.8594137
39,Transformers: Age of Extinction,1105261713,245439076,22.2,859822637,77.8,2014,12,110.5261713
41,The Dark Knight Rises,1085429532,448149584,41.3,637279948,58.7,2012,14,108.5429532
42,Joker,1078958629,335477657,31.1,743480972,68.9,2019,7,107.8958629
43,Star Wars: Episode IX - The Rise of Skywalker,1077022372,515202542,47.8,561819830,52.2,2019,7,107.7022372
44,Toy Story 4,1073841394,434038008,40.4,639803386,59.6,2019,7,107.3841394
45,Toy Story 3,1067316101,415004880,38.9,652311221,61.1,2010,16,106.7316101
46,Pirates of the Caribbean: Dead Man's Chest,1066179747,423315812,39.7,642863935,60.3,2006,20,106.6179747
47,Moana 2,1059242164,460405297,43.5,598836867,56.5,2024,2,105.9242164
48,Rogue One: A Star Wars Story,1058684742,533539991,50.4,525144751,49.6,2016,10,105.8684742
49,Aladdin,1054304000,355559216,33.7,698744784,66.3,2019,7,105.4304
50,Pirates of the Caribbean: On Stranger Tides,1046721266,241071802,23,805649464,77,2011,15,104.6721266
52,Lilo & Stitch,1038027526,423778855,40.8,614248671,59.2,2025,1,103.8027526
53,Despicable Me 3,1034800131,264624300,25.6,770175831,74.4,2017,9,103.4800131
54,Harry Potter and the Sorcerer's Stone,1029374615,319765078,31.1,709609537,68.9,2001,25,102.9374615
55,Finding Dory,1029266989,486295561,47.2,542971428,52.8,2016,10,102.9266989
56,Zootopia,1025521689,341268248,33.3,684253441,66.7,2016,10,102.5521689
57,Alice in Wonderland,1025468216,334191110,32.6,691277106,67.4,2010,16,102.5468216
58,The Hobbit: An Unexpected Journey,1017453991,303030651,29.8,714423340,70.2,2012,14,101.7453991
59,The Dark Knight,1008477382,534987076,53,473490306,47,2008,18,100.8477382
60,Jurassic World: Dominion,1001978080,376851080,37.6,625127000,62.4,2022,4,100.197808
62,Oppenheimer,975811333,330078895,33.8,645732438,66.2,2023,3,97.5811333
63,Despicable Me 4,972021410,361004205,37.1,611017205,62.9,2024,2,97.202141
64,Despicable Me 2,970766005,368065385,37.9,602700620,62.1,2013,13,97.0766005
65,The Jungle Book,967724775,364001123,37.6,603723652,62.4,2016,10,96.7724775
66,The Hobbit: The Battle of the Five Armies,962749443,255138261,26.5,707611182,73.5,2014,12,96.2749443
67,Jumanji: Welcome to the Jungle,962544585,404540171,42,558004414,58,2017,9,96.2544585
68,Pirates of the Caribbean: At World's End,961691209,309420425,32.2,652270784,67.8,2007,19,96.1691209
69,A Minecraft Movie,961187780,424087780,44.1,537100000,55.9,2025,1,96.118778
70,Harry Potter and the Deathly Hallows: Part 1,960858478,296374621,30.8,664483857,69.2,2010,16,96.0858478
71,The Hobbit: The Desolation of Smaug,959079095,258387334,26.9,700691761,73.1,2013,13,95.9079095
72,Doctor Strange in the Multiverse of Madness,955775804,411331607,43,544444197,57,2022,4,95.5775804
73,The Lord of the Rings: The Two Towers,944737929,350104956,37.1,594632973,62.9,2002,24,94.4737929
74,Harry Potter and the Order of the Phoenix,942872838,292382727,31,650490111,69,2007,19,94.2872838
75,Finding Nemo,941637960,380843261,40.4,560794699,59.6,2003,23,94.163796
76,Harry Potter and the Half-Blood Prince,941056063,302334374,32.1,638721689,67.9,2009,17,94.1056063
77,Minions: The Rise of Gru,940482695,370549695,39.4,569933000,60.6,2022,4,94.0482695
78,Shrek 2,932536239,444978202,47.7,487558037,52.3,2004,22,93.2536239
79,Bohemian Rhapsody,910813521,216668042,23.8,694145479,76.2,2018,8,91.0813521
80,Star Wars: Episode III - Revenge of the Sith,905595947,414378291,45.8,491217656,54.2,2005,21,90.5595947
81,The Battle at Lake Changjin,902548476,342411,0.1,902206065,100,2021,5,90.2548476
82,Harry Potter and the Goblet of Fire,900435886,291239805,32.3,609196081,67.7,2005,21,90.0435886
83,The Lord of the Rings: The Fellowship of the Ring,896997510,325873309,36.3,571124201,63.7,2001,25,89.699751
84,Spider-Man 3,887404761,338032318,38.1,549372443,61.9,2007,19,88.7404761
85,Ice Age: Dawn of the Dinosaurs,886686817,196573705,22.2,690113112,77.8,2009,17,88.6686817
86,Harry Potter and the Chamber of Secrets,883386103,263094348,29.8,620291755,70.2,2002,24,88.3386103
87,Spider-Man: Homecoming,880978185,334952829,38,546025356,62,2017,9,88.0978185
88,Spectre,880707597,200074609,22.7,680632988,77.3,2015,11,88.0707597
89,Ice Age: Continental Drift,877244782,161321843,18.4,715922939,81.6,2012,14,87.7244782
90,The Secret Life of Pets,875698161,368623860,42.1,507074301,57.9,2016,10,87.5698161
91,Batman v Superman: Dawn of Justice,874362803,330360194,37.8,544002609,62.2,2016,10,87.4362803
92,Wolf Warrior 2,870325439,2721100,0.3,867604339,99.7,2017,9,87.0325439
93,Jurassic World: Rebirth,869146189,339640400,39.1,529505789,60.9,2025,1,86.9146189
94,The Twilight Saga: Breaking Dawn - Part 2,868590075,293144686,33.8,575445389,66.2,2012,14,86.8590075
95,The Hunger Games: Catching Fire,865011746,424668047,49.1,440343699,50.9,2013,13,86.5011746
96,Guardians of the Galaxy Vol. 2,863764214,389813101,45.1,473951113,54.9,2017,9,86.3764214
97,Black Panther: Wakanda Forever,859208836,453829060,52.8,405379776,47.2,2022,4,85.9208836
98,Inside Out,859076254,356461711,41.5,502614543,58.5,2015,11,85.9076254
99,Venom,856085161,213515506,24.9,642569655,75.1,2018,8,85.6085161
100,Thor: Ragnarok,855301806,315058289,36.8,540243517,63.2,2017,9,85.5301806
101,Guardians of the Galaxy Vol. 3,845555777,358995815,42.5,486559962,57.5,2023,3,84.5555777
102,Inception,839786473,292587330,34.8,547199143,65.2,2010,16,83.9786473
103,Transformers: Revenge of the Fallen,836304167,402111870,48.1,434192297,51.9,2009,17,83.6304167
104,Mission: Impossible - Fallout,824171374,220159104,26.7,604012270,73.3,2018,8,82.4171374
105,Wonder Woman,823970682,412845172,50.1,411125510,49.9,2017,9,82.3970682
106,Coco,823285838,210460015,25.6,612825823,74.4,2017,9,82.3285838
109,Fantastic Beasts and Where to Find Them,816037575,234037575,28.7,582000000,71.3,2016,10,81.6037575
110,Spider-Man,810923968,408524875,50.4,402399093,49.6,2002,24,81.0923968
111,Harry Potter and the Prisoner of Azkaban,810556919,250657586,30.9,559899333,69.1,2004,22,81.0556919
112,Shrek the Third,808310187,322719944,39.9,485590243,60.1,2007,19,80.8310187
113,Jumanji: The Next Level,801693929,320314960,40,481378969,60,2019,7,80.1693929
114,The Da Vinci Code,801349858,217536138,27.2,583813720,72.8,2006,20,80.1349858
116,Pirates of the Caribbean: Dead Men Tell No Tales,795922298,172558876,21.7,623363422,78.3,2017,9,79.5922298
117,2012,791217826,166112167,21,625105659,79,2009,17,79.1217826
118,Fast & Furious 6,788683342,238679850,30.3,550003492,69.7,2013,13,78.8683342
119,Indiana Jones and the Kingdom of the Crystal Skull,786636033,317101119,40.3,469534914,59.7,2008,18,78.6636033
120,Deadpool 2,785896632,324591735,41.3,461304897,58.7,2018,8,78.5896632
121,Spider-Man 2,785388262,375087840,47.8,410300422,52.2,2004,22,78.5388262
122,Deadpool,782837347,363070709,46.4,419766638,53.6,2016,10,78.2837347
124,No Time to Die,774153007,160891007,20.8,613262000,79.2,2021,5,77.4153007
125,Interstellar,773864317,203227580,26.3,570636737,73.7,2014,12,77.3864317
126,Guardians of the Galaxy,773350376,333718600,43.2,439631776,56.8,2014,12,77.3350376
127,The Batman,772775278,369801546,47.8,402973732,52.2,2022,4,77.2775278
128,Thor: Love and Thunder,760928081,343256830,45.1,417671251,54.9,2022,4,76.0928081
129,Fast & Furious Presents: Hobbs & Shaw,760732926,173956935,22.9,586775991,77.1,2019,7,76.0732926
130,The Twilight Saga: Eclipse,760627618,300840764,39.6,459786854,60.4,2010,16,76.0627618
131,Maleficent,759853685,241410378,31.8,518443307,68.2,2014,12,75.9853685
132,The Hunger Games: Mockingjay - Part 1,758846335,337135885,44.4,421710450,55.6,2014,12,75.8846335
133,Wicked,758790057,474983975,62.6,283806082,37.4,2024,2,75.8790057
134,The Amazing Spider-Man,758725893,262782352,34.6,495943541,65.4,2012,14,75.8725893
135,Shrek Forever After,752600867,238736787,31.7,513864080,68.3,2010,16,75.2600867
136,Suicide Squad,749200054,325100054,43.4,424100000,56.6,2016,10,74.9200054
137,Madagascar 3: Europe's Most Wanted,746921274,216391482,29,530529792,71,2012,14,74.6921274
138,X-Men: Days of Future Past,746045700,233921534,31.4,512124166,68.6,2014,12,74.60457
139,"The Chronicles of Narnia: The Lion, the Witch and the Wardrobe",745013115,291710957,39.2,453302158,60.8,2005,21,74.5013115
140,Monsters University,743559645,268492764,36.1,475066881,63.9,2013,13,74.3559645
141,The Matrix Reloaded,741847937,281576461,38,460271476,62,2003,23,74.1847937
142,Up,735103954,293004164,39.9,442099790,60.1,2009,17,73.5103954
143,Demon Slayer: Kimetsu no Yaiba Infinity Castle,733840846,134884077,18.4,598956769,81.6,2025,1,73.3840846
144,The Twilight Saga: Breaking Dawn - Part 1,731980095,281797623,38.5,450182472,61.5,2011,15,73.1980095
145,F9: The Fast Saga,726229501,173005945,23.8,553223556,76.2,2021,5,72.6229501
146,Ne Zha,726225471,3695533,0.5,722529938,99.5,2019,7,72.6225471
147,Gravity,723753370,274092705,37.9,449660665,62.1,2013,13,72.375337
148,Mufasa: The Lion King,722631756,254567693,35.2,468064063,64.8,2024,2,72.2631756
149,It,719766009,328874981,45.7,390891028,54.3,2017,9,71.9766009
150,The Amazing Spider-Man 2,716934779,203605622,28.4,513329157,71.6,2014,12,71.6934779
151,Dune: Part Two,714844358,282144358,39.5,432700000,60.5,2024,2,71.4844358
152,Captain America: The Winter Soldier,714421503,259766572,36.4,454654931,63.6,2014,12,71.4421503
153,The Twilight Saga: New Moon,712135229,298410482,41.9,413724747,58.1,2009,17,71.2135229
154,Mission: Impossible - Rogue Nation,710916403,195042377,27.4,515874026,72.6,2015,11,71.0916403
155,Dawn of the Planet of the Apes,710644566,208545589,29.4,502098977,70.6,2014,12,71.0644566
156,Transformers,709709780,319246193,45,390463587,55,2007,19,70.970978
157,Fast X,704875015,146126015,20.7,558749000,79.3,2023,3,70.4875015
158,The Wandering Earth,699992512,5971413,0.8,694021099,99.2,2019,7,69.9992512
159,The Hunger Games,695220619,408010692,58.7,287209927,41.3,2012,14,69.5220619
160,Mission: Impossible - Ghost Protocol,694713380,209397903,30.1,485315477,69.9,2011,15,69.471338
161,Spider-Man: Across the Spider-Verse,690824738,381593754,55.2,309230984,44.8,2023,3,69.0824738
164,Doctor Strange,677796833,232641920,34.3,445154913,65.7,2016,10,67.7796833
166,Big Hero 6,672107599,222527828,33.1,449579771,66.9,2014,12,67.2107599
168,Man of Steel,670145518,291045518,43.4,379100000,56.6,2013,13,67.0145518
169,Ice Age 2: The Meltdown,667318416,195330621,29.3,471987795,70.7,2006,20,66.7318416
170,Kung Fu Panda 2,665692281,165249063,24.8,500443218,75.2,2011,15,66.5692281
171,The Hunger Games: Mockingjay - Part 2,664905155,281723902,42.4,383181253,57.6,2015,11,66.4905155
172,Justice League,661326987,229024295,34.6,432302692,65.4,2017,9,66.1326987
173,Fantastic Beasts: The Crimes of Grindelwald,655755901,159555901,24.3,496200000,75.7,2018,8,65.5755901
174,Pirates of the Caribbean: The Curse of the Black Pearl,654264546,305413918,46.7,348850628,53.3,2003,23,65.4264546
175,Men in Blackďż,654213485,179020854,27.4,475192631,72.6,2012,14,65.4213485
176,Star Wars: Episode II - Attack of the Clones,653780724,310676740,47.5,343103984,52.5,2002,24,65.3780724
177,Thor: The Dark World,644783140,206362140,32,438421000,68,2013,13,64.478314
178,Moana,643332974,248757044,38.7,394575930,61.3,2016,10,64.3332974
179,How to Train Your Dragon,636660470,262958100,41.3,373702370,58.7,2025,1,63.666047
180,Wonka,634502312,218402312,34.4,416100000,65.6,2023,3,63.4502312
181,Sing,634338409,270578425,42.7,363759984,57.3,2016,10,63.4338409
182,F1: The Movie,633442436,189642436,29.9,443800000,70.1,2025,1,63.3442436
183,Kung Fu Panda,632384787,216064546,34.2,416320241,65.8,2008,18,63.2384787
184,The Incredibles,631688498,261441092,41.4,370247406,58.6,2004,22,63.1688498
185,The Martian,630621406,228433663,36.2,402187743,63.8,2015,11,63.0621406
186,Hancock,629443428,227946274,36.2,401497154,63.8,2008,18,62.9443428
187,Water Gate Bridge,626571697,117294,0.1,626454403,100,2022,4,62.6571697
188,Fast Five,626140012,209837675,33.5,416302337,66.5,2011,15,62.6140012
189,Iron Man 2,623933331,312433331,50.1,311500000,49.9,2010,16,62.3933331
190,Ratatouille,623738973,206445654,33.1,417293319,66.9,2007,19,62.3738973
191,Ant-Man and the Wasp,622674139,216648740,34.8,406025399,65.2,2018,8,62.2674139
192,How to Train Your Dragon 2,621537519,177002924,28.5,444534595,71.5,2014,12,62.1537519
193,Logan,619180476,226277068,36.5,392903408,63.5,2017,9,61.9180476
194,Superman,618723803,354223803,57.2,264500000,42.8,2025,1,61.8723803
196,Casino Royale,616585752,167445960,27.2,449139792,72.8,2006,20,61.6585752
197,Mamma Mia!,615057699,144330569,23.5,470727130,76.5,2008,18,61.5057699
198,The Wandering Earth II,615023132,5023132,0.8,610000000,99.2,2023,3,61.5023132
199,The Passion of the Christ,610063438,370782930,60.8,239280508,39.2,2004,22,61.0063438
200,Life of Pi,609016565,124987023,20.5,484029542,79.5,2012,14,60.9016565
201,Ready Player One,607874422,137715350,22.7,470159072,77.3,2018,8,60.7874422
202,Transformers: The Last Knight,605425157,130168683,21.5,475256474,78.5,2017,9,60.5425157
203,Madagascar: Escape 2 Africa,603900354,180010950,29.8,423889404,70.2,2008,18,60.3900354
204,War of the Worlds,603873504,234280354,38.8,369593150,61.2,2005,21,60.3873504
205,Mission: Impossible - The Final Reckoning,598767057,197413515,33,401353542,67,2025,1,59.8767057
206,Tangled,591806017,200821936,33.9,390984081,66.1,2010,16,59.1806017
207,Quantum of Solace,589593688,168368427,28.6,421225261,71.4,2008,18,58.9593688
209,The Croods,587267229,187168425,31.9,400098804,68.1,2013,13,58.7267229
210,The Hangover Part II,586764305,254464305,43.4,332300000,56.6,2011,15,58.6764305
211,Iron Man,585796247,319034126,54.5,266762121,45.5,2008,18,58.5796247
212,I Am Legend,585498742,256393010,43.8,329105732,56.2,2007,19,58.5498742
213,"Monsters, Inc.",579773055,290642256,50.1,289130799,49.9,2001,25,57.9773055
214,Operation Red Sea,579330426,1543547,0.3,577786879,99.7,2018,8,57.9330426
215,Night at the Museum,574482479,250863268,43.7,323619211,56.3,2006,20,57.4482479
216,Godzilla x Kong: The New Empire,572050016,196350016,34.3,375700000,65.7,2024,2,57.2050016
217,Mission: Impossible - Dead Reckoning Part One,571125435,172640980,30.2,398484455,69.8,2023,3,57.1125435
218,Fifty Shades of Grey,569651467,166167230,29.2,403484237,70.8,2015,11,56.9651467
219,The Little Mermaid,569642672,298172056,52.3,271470616,47.7,2023,3,56.9642672
220,Kong: Skull Island,568652812,168052812,29.6,400600000,70.4,2017,9,56.8652812
221,The Smurfs,563892376,142614158,25.3,421278218,74.7,2011,15,56.3892376
222,Cars 2,559853036,191452396,34.2,368400640,65.8,2011,15,55.9853036
223,King Kong,556907510,218080025,39.2,338827485,60.8,2005,21,55.690751
224,Puss in Boots,554987477,149260504,26.9,405726973,73.1,2011,15,55.4987477
225,The Mermaid,553810228,3232685,0.6,550577543,99.4,2016,10,55.3810228
227,The Grinch,552976825,272504456,49.3,280472369,50.7,2018,8,55.2976825
228,The Day After Tomorrow,552639571,186740799,33.8,365898772,66.2,2004,22,55.2639571
230,Ted,549368315,218815487,39.8,330552828,60.2,2012,14,54.9368315
231,Dunkirk,549136737,189740665,34.6,359396072,65.4,2017,9,54.9136737
232,Kung Fu Panda 4,547946428,193590620,35.3,354355808,64.7,2024,2,54.7946428
233,American Sniper,547659020,350159020,63.9,197500000,36.1,2014,12,54.765902
234,Mission: Impossible II,546388108,215409889,39.4,330978219,60.6,2000,26,54.6388108
235,Detective Chinatown 2,544185156,1983984,0.4,542201172,99.6,2018,8,54.4185156
236,Despicable Me,544174973,251683815,46.2,292491158,53.8,2010,16,54.4174973
237,X-Men: Apocalypse,543934105,155442489,28.6,388491616,71.4,2016,10,54.3934105
238,Sherlock Holmes: A Game of Shadows,543848418,186848418,34.4,357000000,65.6,2011,15,54.3848418
239,Madagascar,543289400,194820396,35.9,348469004,64.1,2005,21,54.32894
240,Cinderella,542358331,201151353,37.1,341206978,62.9,2015,11,54.2358331
241,Hotel Transylvania 3: Summer Vacation,541504608,167510016,30.9,373994592,69.1,2018,8,54.1504608
242,World War Z,540455876,202807711,37.5,337648165,62.5,2013,13,54.0455876
243,How to Train Your Dragon: The Hidden World,539987993,160945505,29.8,379042488,70.2,2019,7,53.9987993
244,Brave,538983207,237283207,44,301700000,56,2012,14,53.8983207
245,The Simpsons Movie,536414293,183135014,34.1,353279279,65.9,2007,19,53.6414293
246,The Revenant,533331000,184018391,34.5,349312609,65.5,2015,11,53.3331
248,The Meg,529338515,145522784,27.5,383815731,72.5,2018,8,52.9338515
249,Ralph Breaks the Internet,529323962,201091711,38,328232251,62,2018,8,52.9323962
250,The Boss Baby,527965936,175003033,33.2,352962903,66.8,2017,9,52.7965936
251,Wicked: For Good,527900851,342915090,65,184985761,35,2025,1,52.7900851
252,WALLďż˝,527404782,223808164,42.4,303596618,57.6,2008,18,52.7404782
253,Godzilla,524978362,200676069,38.2,324302293,61.8,2014,12,52.4978362
254,Sherlock Holmes,524028679,209028679,39.9,315000000,60.1,2009,17,52.4028679
255,Meet the Fockers,522657936,279261160,53.4,243396776,46.6,2004,22,52.2657936
256,La La Land,522314583,151101803,28.9,371212780,71.1,2016,10,52.2314583
257,The Fantastic Four: First Steps,521858728,274286610,52.6,247572118,47.4,2025,1,52.1858728
258,Kung Fu Panda 3,521170825,143528619,27.5,377642206,72.5,2016,10,52.1170825
259,Ant-Man,519311965,180202163,34.7,339109802,65.3,2015,11,51.9311965
261,Venom: Let There Be Carnage,506813864,213550366,42.1,293263498,57.9,2021,5,50.6813864
264,Detective Chinatown 1900,500282092,2229946,0.4,498052146,99.6,2025,1,50.0282092
265,The Conjuring: Last Rites,499156445,177756445,35.6,321400000,64.4,2025,1,49.9156445
266,Rio 2,498781117,131538435,26.4,367242682,73.6,2014,12,49.8781117
267,Troy,497409852,133378256,26.8,364031596,73.2,2004,22,49.7409852
269,Elemental,496444308,154426697,31.1,342017611,68.9,2023,3,49.6444308
270,How to Train Your Dragon,494879860,217581231,44,277298629,56,2010,16,49.487986
272,Oz the Great and Powerful,493311825,234911825,47.6,258400000,52.4,2013,13,49.3311825
273,Clash of the Titans,493214993,163214888,33.1,330000105,66.9,2010,16,49.3214993
274,Sonic the Hedgehog 3,492162604,236115100,48,256047504,52,2024,2,49.2162604
275,Maleficent: Mistress of Evil,491730089,113929605,23.2,377800484,76.8,2019,7,49.1730089
277,War for the Planet of the Apes,490719763,146880162,29.9,343839601,70.1,2017,9,49.0719763
278,Shrek,488977919,268698241,55,220279678,45,2001,25,48.8977919
279,Lost in the Stars,487637474,1721446,0.4,485916028,99.6,2023,3,48.7637474
280,Mr. & Mrs. Smith,487287646,186336279,38.2,300951367,61.8,2005,21,48.7287646
281,Demon Slayer: Kimetsu no Yaiba - The Movie: Mugen Train,486451200,49888550,10.3,436562650,89.7,2020,6,48.64512
282,Angels & Demons,485930816,133375846,27.4,352554970,72.6,2009,17,48.5930816
283,Teenage Mutant Ninja Turtles,485004754,191204754,39.4,293800000,60.6,2014,12,48.5004754
284,Bruce Almighty,484592874,242829261,50.1,241763613,49.9,2003,23,48.4592874
285,Rio,483895196,143619809,29.7,340275387,70.3,2011,15,48.3895196
288,Rise of the Planet of the Apes,481800873,176760185,36.7,305040688,63.3,2011,15,48.1800873
289,Puss in Boots: The Last Wish,480466413,186090535,38.7,294375878,61.3,2022,4,48.0466413
290,Venom: The Last Dance,478937618,139755882,29.2,339181736,70.8,2024,2,47.8937618
292,Ant-Man and the Wasp: Quantumania,476071180,214504909,45.1,261566271,54.9,2023,3,47.607118
293,Hotel Transylvania 2,475186976,169700110,35.7,305486866,64.3,2015,11,47.5186976
294,Charlie and the Chocolate Factory,474968763,206459076,43.5,268509687,56.5,2005,21,47.4968763
295,San Andreas,474609154,155190832,32.7,319418322,67.3,2015,11,47.4609154
298,It: Chapter Two,473123154,211622525,44.7,261500629,55.3,2019,7,47.3123154
299,The Greatest Showman,471876656,174340174,37,297536482,63,2017,9,47.1876656
300,Wreck-It Ralph,471222906,189422889,40.2,281800017,59.8,2012,14,47.1222906
301,The Lego Movie,470760260,257966122,54.8,212794138,45.2,2014,12,47.076026
302,Godzilla vs. Kong,470116094,100916094,21.5,369200000,78.5,2021,5,47.0116094
303,The Hangover,469329059,277339746,59.1,191989313,40.9,2009,17,46.9329059
304,Lucy,469058574,126663600,27,342394974,73,2014,12,46.9058574
305,Bumblebee,467989645,127195589,27.2,340794056,72.8,2018,8,46.7989645
306,Star Trek Into Darkness,467365246,228778661,49,238586585,51,2013,13,46.7365246
307,Gladiator,465516248,187705427,40.3,277810821,59.7,2000,26,46.5516248
309,Gladiator II,462180717,172438016,37.3,289742701,62.7,2024,2,46.2180717
310,Cars,461996328,244082982,52.8,217913346,47.2,2006,20,46.1996328
311,The Eight Hundred,461421559,372755,0.1,461048804,99.9,2020,6,46.1421559
312,X-Men: The Last Stand,460435291,234362462,50.9,226072829,49.1,2006,20,46.0435291
314,National Treasure: Book of Secrets,459242249,219964115,47.9,239278134,52.1,2007,19,45.9242249
316,300,456082343,210629101,46.2,245453242,53.8,2007,19,45.6082343
317,The Last Samurai,454627263,111127263,24.4,343500000,75.6,2003,23,45.4627263
318,Beetlejuice Beetlejuice,452000435,294100435,65.1,157900000,34.9,2024,2,45.2000435
321,Ocean's Eleven,450717150,183417150,40.7,267300000,59.3,2001,25,45.071715
322,"My People, My Country",450064993,2356683,0.5,447708310,99.5,2019,7,45.0064993
323,Pokďż˝ďż˝ďż˝ďż˝ďż˝ďż˝mon: D,450063166,144174568,32,305888598,68,2019,7,45.0063166
324,Thor,449326618,181030624,40.3,268295994,59.7,2011,15,44.9326618
325,Pearl Harbor,449220945,198542554,44.2,250678391,55.8,2001,25,44.9220945
327,John Wick: Chapter 4,447142521,187131806,41.8,260010715,58.2,2023,3,44.7142521
328,1917,446064352,159227644,35.7,286836708,64.3,2019,7,44.6064352
329,Men in Black II,445135288,193735288,43.5,251400000,56.5,2002,24,44.5135288
330,The Mummy Returns,443284916,202019785,45.6,241265131,54.4,2001,25,44.3284916
331,Alvin and the Chipmunks: The Squeakquel,443140005,219614612,49.6,223525393,50.4,2009,17,44.3140005
332,The Bourne Ultimatum,442824138,227471070,51.4,215353068,48.6,2007,19,44.2824138
333,Les Misďż˝ďż˝ďż,442757529,149260140,33.7,293497389,66.3,2012,14,44.2757529
334,Transformers: Rise of the Beasts,441656550,157341749,35.6,284314801,64.4,2023,3,44.165655
336,Terminator Genisys,440603537,89760956,20.4,350842581,79.6,2015,11,44.0603537
337,Aquaman and the Lost Kingdom,440181226,124481226,28.3,315700000,71.7,2023,3,44.0181226
338,A Star Is Born,439943006,215333122,49,224609884,51,2018,8,43.9943006
339,Warcraft,439048914,47365290,10.8,391683624,89.2,2016,10,43.9048914
340,Yolo,433606094,2001584,0.5,431604510,99.5,2024,2,43.3606094
341,Terminator 3: Rise of the Machines,433371112,150371112,34.7,283000000,65.3,2003,23,43.3371112
342,Shang-Chi and the Legend of the Ten Rings,432243292,224543292,52,207700000,48,2021,5,43.2243292
343,Die Another Day,431971781,160942139,37.3,271029642,62.7,2002,24,43.1971781
344,The Secret Life of Pets 2,431164459,158980250,36.9,272184209,63.1,2019,7,43.1164459
346,Cast Away,429632142,233632142,54.4,196000000,45.6,2000,26,42.9632142
347,Rampage,428128399,101028233,23.6,327100166,76.4,2018,8,42.8128399
348,The Matrix Revolutions,427344325,139313948,32.6,288030377,67.4,2003,23,42.7344325
349,The Intouchables,426590315,10198820,2.4,416391495,97.6,2011,15,42.6590315
350,Bad Boys for Life,426505244,206305244,48.4,220200000,51.6,2020,6,42.6505244
351,Django Unchained,426076540,162805434,38.2,263271106,61.8,2012,14,42.607654
357,The Chronicles of Narnia: Prince Caspian,419665568,141621490,33.8,278044078,66.2,2008,18,41.9665568
358,Sex and the City,418769972,152647258,36.4,266122714,63.6,2008,18,41.8769972
359,The Captain,417863545,706572,0.2,417156973,99.8,2019,7,41.7863545
361,The Chronicles of Narnia: The Voyage of the Dawn Treader,415686217,104386950,25.1,311299267,74.9,2010,16,41.5686217
362,Jason Bourne,415484914,162434410,39.1,253050504,60.9,2016,10,41.5484914
363,Captain America: Brave New World,415101577,200500001,48.3,214601576,51.7,2025,1,41.5101577
364,The Wolverine,414828246,132556852,32,282271394,68,2013,13,41.4828246
365,Kingsman: The Secret Service,414351546,128261724,31,286089822,69,2015,11,41.4351546
366,The King's Speech,414245125,138797449,33.5,275447676,66.5,2010,16,41.4245125
367,Night at the Museum: Battle of the Smithsonian,413106170,177243721,42.9,235862449,57.1,2009,17,41.310617
370,Pacific Rim,411002906,101802906,24.8,309200000,75.2,2013,13,41.1002906
371,Kingsman: The Golden Circle,410902662,100234838,24.4,310667824,75.6,2017,9,41.0902662
372,Dune: Part One,410668500,108897830,26.5,301770670,73.5,2021,5,41.06685
373,The Mummy,409231607,80227895,19.6,329003712,80.4,2017,9,40.9231607
374,Ice Age: Collision Course,408754975,64063008,15.7,344691967,84.3,2016,10,40.8754975
375,Sing 2,408402685,162790990,39.9,245611695,60.1,2021,5,40.8402685
376,Signs,408247917,227966634,55.8,180281283,44.2,2002,24,40.8247917
377,X2: X-Men United,407711549,214949694,52.7,192761855,47.3,2003,23,40.7711549
378,Fantastic Beasts: The Secrets of Dumbledore,407150844,95850844,23.5,311300000,76.5,2022,4,40.7150844
379,Uncharted,407141258,148648820,36.5,258492438,63.5,2022,4,40.7141258
380,The Wolf of Wall Street,407039432,116900694,28.7,290138738,71.3,2013,13,40.7039432
381,Sonic the Hedgehog 2,405421518,190872904,47.1,214548614,52.9,2022,4,40.5421518
382,Your Name.,405320132,5017246,1.2,400302886,98.8,2016,10,40.5320132
383,Alita: Battle Angel,404980543,85838210,21.2,319142333,78.8,2019,7,40.4980543
384,Bad Boys: Ride or Die,404550184,193573217,47.8,210976967,52.2,2024,2,40.4550184
385,The Mummy: Tomb of the Dragon Emperor,403449830,102491776,25.4,300958054,74.6,2008,18,40.344983
386,Prometheus,403354469,126477084,31.4,276877385,68.6,2012,14,40.3354469
388,Eternals,402064899,164870234,41,237194665,59,2021,5,40.2064899
390,Tron: Legacy,400070675,172062763,43,228007912,57,2010,16,40.0070675
391,Twilight,399980740,195553813,48.9,204426927,51.1,2008,18,39.998074
392,Meg 2: The Trench,398500317,82600317,20.7,315900000,79.3,2023,3,39.8500317
393,Mission: Impossible III,398479497,134029801,33.6,264449696,66.4,2006,20,39.8479497
394,Kingdom of the Planet of the Apes,397378150,171130165,43.1,226247985,56.9,2024,2,39.737815
395,Snow White and the Huntsman,396592829,155332381,39.2,241260448,60.8,2012,14,39.6592829
397,Mamma Mia! Here We Go Again,395607854,120634935,30.5,274972919,69.5,2018,8,39.5607854
398,Spider-Man: Into the Spider-Verse,394884133,190241310,48.2,204642823,51.8,2018,8,39.4884133
399,Once Upon a Time... in Hollywood,393869691,142502728,36.2,251366963,63.8,2019,7,39.3869691
400,Black Adam,393452111,168152111,42.7,225300000,57.3,2022,4,39.3452111
402,Solo: A Star Wars Story,392924807,213767512,54.4,179157295,45.6,2018,8,39.2924807
403,Superman Returns,391081192,200081192,51.2,191000000,48.8,2006,20,39.1081192
404,The Housemaid,390595882,126432462,32.4,264163420,67.6,2025,1,39.0595882
407,Independence Day: Resurgence,389681935,103144286,26.5,286537649,73.5,2016,10,38.9681935
408,Live Free or Die Hard,388156011,134529403,34.7,253626608,65.3,2007,19,38.8156011
409,Godzilla: King of the Monsters,387300138,110500138,28.5,276800000,71.5,2019,7,38.7300138
410,Monster Hunt,387053506,32766,0.1,387020740,100,2015,11,38.7053506
411,Home,386041607,177397510,46,208644097,54,2015,11,38.6041607
412,Star Trek,385681768,257730019,66.8,127951749,33.2,2009,17,38.5681768
413,Happy Feet,384336781,198000317,51.5,186336464,48.5,2006,20,38.4336781
414,Indiana Jones and the Dial of Destiny,383963057,174480468,45.4,209482589,54.6,2023,3,38.3963057
415,Cars 3,383930656,152901115,39.8,231029541,60.2,2017,9,38.3930656
416,Ice Age,383257136,176387405,46,206869731,54,2002,24,38.3257136
417,Thunderbolts*,382436917,190274328,49.8,192162589,50.2,2025,1,38.2436917
418,Fifty Shades Darker,381545846,114581250,30,266964596,70,2017,9,38.1545846
419,Monsters vs. Aliens,381509870,198351526,52,183158344,48,2009,17,38.150987
420,Edge of Tomorrow,381055527,100206256,26.3,280849271,73.7,2014,12,38.1055527
421,Mad Max: Fury Road,380456026,154280290,40.6,226175736,59.4,2015,11,38.0456026
422,Black Widow,379751655,183651655,48.4,196100000,51.6,2021,5,37.9751655
425,Slumdog Millionaire,378411362,141319928,37.4,237091434,62.6,2008,18,37.8411362
426,Taken 2,376152455,139854287,37.2,236298168,62.8,2012,14,37.6152455
427,G.I. Joe: Retaliation,375740705,122523060,32.6,253217645,67.4,2013,13,37.5740705
428,Batman Begins,375579998,206863479,55.1,168716519,44.9,2005,21,37.5579998
429,Shark Tale,374583879,160861908,42.9,213721971,57.1,2004,22,37.4583879
430,What Women Want,374111707,182811707,48.9,191300000,51.1,2000,26,37.4111707
431,The Adventures of Tintin,373994233,77591831,20.8,296402402,79.2,2011,15,37.3994233
432,Penguins of Madagascar,373515621,83850911,22.4,289664710,77.6,2014,12,37.3515621
433,X-Men Origins: Wolverine,373062864,179883157,48.2,193179707,51.8,2009,17,37.3062864
434,Creation of the Gods I: Kingdom of Storms,373044244,1706355,0.5,371337889,99.5,2023,3,37.3044244
435,Twisters,372262265,267762265,71.9,104500000,28.1,2024,2,37.2262265
436,The Golden Compass,372234864,70107728,18.8,302127136,81.2,2007,19,37.2234864
437,Fifty Shades Freed,371985018,100407760,27,271577258,73,2018,8,37.1985018
438,Hitch,371594603,179495555,48.3,192099048,51.7,2005,21,37.1594603
439,Terminator Salvation,371353001,125322469,33.8,246030532,66.2,2009,17,37.1353001
440,Gone Girl,370890259,167767189,45.2,203123070,54.8,2014,12,37.0890259
441,Pegasus 3,370856295,813849,0.2,370042446,99.8,2026,0,37.0856295
442,Captain America: The First Avenger,370569774,176654505,47.7,193915269,52.3,2011,15,37.0569774
443,Sinners,370050303,279989632,75.7,90060671,24.3,2025,1,37.0050303
446,Jurassic Park III,368780809,181171875,49.1,187608934,50.9,2001,25,36.8780809
447,My Big Fat Greek Wedding,368744044,241438208,65.5,127305836,34.5,2002,24,36.8744044
448,Shazam!,367799011,140480049,38.2,227318962,61.8,2019,7,36.7799011
450,Hotel Transylvania,366412829,148426305,40.5,217986524,59.5,2012,14,36.6412829
452,The Nun,366082797,117481222,32.1,248601575,67.9,2018,8,36.6082797
453,Alvin and the Chipmunks,365352546,217326974,59.5,148025572,40.5,2007,19,36.5352546
454,Tenet,365309519,58504105,16,306805414,84,2020,6,36.5309519
457,Night at the Museum: Secret of the Tomb,363204635,113746621,31.3,249458014,68.7,2014,12,36.3204635
458,Ocean's Twelve,362744280,125544280,34.6,237200000,65.4,2004,22,36.274428
459,Mary Poppins Returns,362529106,171958438,47.4,190570668,52.6,2018,8,36.2529106
460,Planet of the Apes,362211740,180011740,49.7,182200000,50.3,2001,25,36.221174
461,The Hangover Part III,362000072,112200072,31,249800000,69,2013,13,36.2000072
463,The Hunger Games: The Ballad of Songbirds & Snakes,361791134,166350594,46,195440540,54,2023,3,36.1791134
464,Monster Hunt 2,361682618,706153,0.2,360976465,99.8,2018,8,36.1682618
465,Fast & Furious,360405638,155064265,43,205341373,57,2009,17,36.0405638
466,Spirited Away,360179707,14821254,4.1,345358453,95.9,2001,25,36.0179707
467,Noah,359200044,101200044,28.2,258000000,71.8,2014,12,35.9200044
468,The Karate Kid,359126022,176591618,49.2,182534404,50.8,2010,16,35.9126022
470,Minority Report,358372926,132072926,36.8,226300000,63.2,2002,24,35.8372926
472,The Legend of Tarzan,357243061,126643061,35.4,230600000,64.6,2016,10,35.7243061
476,The Great Gatsby,353660028,144857996,41,208802032,59,2013,13,35.3660028
477,Dumbo,353284621,114766307,32.5,238518314,67.5,2019,7,35.3284621
478,"I, Robot",353133898,144801023,41,208332875,59,2004,22,35.3133898
480,Murder on the Orient Express,352794081,102826543,29.2,249967538,70.8,2017,9,35.2794081
481,X-Men: First Class,352616690,146408305,41.5,206208385,58.5,2011,15,35.261669
482,The Angry Birds Movie,352333929,107509366,30.5,244824563,69.5,2016,10,35.2333929
484,Catch Me If You Can,352114312,164615351,46.8,187498961,53.2,2002,24,35.2114312
485,Now You See Me,351723989,117723989,33.5,234000000,66.5,2013,13,35.1723989
486,Hannibal,351692268,165092268,46.9,186600000,53.1,2001,25,35.1692268
488,Peter Rabbit,351516614,115253424,32.8,236263190,67.2,2018,8,35.1516614
489,It Ends with Us,351441044,148518266,42.3,202922778,57.7,2024,2,35.1441044
490,Alien: Romulus,350865342,105313091,30,245552251,70,2024,2,35.0865342
491,How the Grinch Stole Christmas,350474504,264965545,75.6,85508959,24.4,2000,26,35.0474504
493,Dinosaur,349822765,137748063,39.4,212074702,60.6,2000,26,34.9822765
495,The Lorax,349305397,214494550,61.4,134810847,38.6,2012,14,34.9305397
496,The Maze Runner,348319861,102427862,29.4,245891999,70.6,2014,12,34.8319861
497,The Smurfs 2,347545360,71017784,20.4,276527576,79.6,2013,13,34.754536
498,National Treasure,347512530,173008894,49.8,174503636,50.2,2004,22,34.751253
499,Trolls,347337803,154174089,44.4,193163714,55.6,2016,10,34.7337803
500,Rush Hour 2,347325802,226164286,65.1,121161516,34.9,2001,25,34.7325802
501,xXx: Return of Xander Cage,346118277,44898413,13,301219864,87,2017,9,34.6118277
503,Star Trek Beyond,343471816,158848340,46.2,184623476,53.8,2016,10,34.3471816
504,Alvin and the Chipmunks: Chipwrecked,342695435,133110742,38.8,209584693,61.2,2011,15,34.2695435
505,Wanted,342463063,134508551,39.3,207954512,60.7,2008,18,34.2463063
507,A Quiet Place,340955294,188024361,55.2,152930933,44.8,2018,8,34.0955294
508,Enchanted,340487869,127807262,37.5,212680607,62.5,2007,19,34.0487869
509,Over the Hedge,339795890,155019340,45.6,184776550,54.4,2006,20,33.979589
510,300: Rise of an Empire,337580051,106580051,31.6,231000000,68.4,2014,12,33.7580051
512,Prince of Persia: The Sands of Time,336365676,90759676,27,245606000,73,2009,17,33.6365676
513,The Curious Case of Benjamin Button,335802786,127509326,38,208293460,62,2008,18,33.5802786
514,Journey 2: The Mysterious Island,335288576,103887748,31,231400828,69,2012,14,33.5288576
516,The Great Wall,334933831,45540830,13.6,289393001,86.4,2016,10,33.4933831
517,Now You See Me 2,334897606,65075540,19.4,269822066,80.6,2016,10,33.4897606
518,The Wild Robot,334537187,143901945,43,190635242,57,2024,2,33.4537187
520,Fantastic Four,333535934,154696080,46.4,178839854,53.6,2005,21,33.3535934
524,The Good Dinosaur,332207671,123087120,37,209120551,63,2015,11,33.2207671
525,Free Guy,331526598,121626598,36.7,209900000,63.3,2021,5,33.1526598
526,22 Jump Street,331333876,191719337,57.9,139614539,42.1,2014,12,33.1333876
527,Meet the Parents,330444045,166244045,50.3,164200000,49.7,2000,26,33.0444045
528,Black Swan,330213626,107770258,32.6,222443368,67.4,2010,16,33.0213626
531,The Polar Express,328972415,191019448,58.1,137952967,41.9,2004,22,32.8972415
532,The Perfect Storm,328718434,182618434,55.6,146100000,44.4,2000,26,32.8718434
533,John Wick: Chapter 3 - Parabellum,328349908,171015687,52.1,157334221,47.9,2019,7,32.8349908
536,The Devil Wears Prada,326588371,124740460,38.2,201847911,61.8,2006,20,32.6588371
537,Taken 3,326479141,89256424,27.3,237222717,72.7,2015,11,32.6479141
538,Paddington,326113057,76271832,23.4,249841225,76.6,2014,12,32.6113057
540,A Christmas Carol,325286646,137855863,42.4,187430783,57.6,2009,17,32.5286646
541,The SpongeBob Movie: Sponge Out of Water,325186032,162994032,50.1,162192000,49.9,2015,11,32.5186032
542,The Conjuring 2,322819915,102516140,31.8,220303775,68.2,2016,10,32.2819915
544,Megamind,321885765,148415853,46.1,173469912,53.9,2010,16,32.1885765
545,Green Book,321752656,85080171,26.4,236672485,73.6,2018,8,32.1752656
547,Robin Hood,321669741,105269730,32.7,216400011,67.3,2010,16,32.1669741
548,Inglourious Basterds,321461171,120540719,37.5,200920452,62.5,2009,17,32.1461171
549,The Conjuring,321293998,137446368,42.8,183847630,57.2,2013,13,32.1293998
552,Sonic the Hedgehog,319715683,148974665,46.6,170741018,53.4,2020,6,31.9715683
553,The Last Airbender,319713881,131772187,41.2,187941694,58.8,2010,16,31.9713881
554,Final Destination: Bloodlines,317854739,138254739,43.5,179600000,56.5,2025,1,31.7854739
555,The Proposal,317375937,163958031,51.7,153417906,48.3,2009,17,31.7375937
556,A Beautiful Mind,316791257,170742341,53.9,146048916,46.1,2001,25,31.6791257
559,Wonder,315025930,132422809,42,182603121,58,2017,9,31.502593
560,The Expendables 2,314975955,85028192,27,229947763,73,2012,14,31.4975955
561,Chicken Little,314432837,135386665,43.1,179046172,56.9,2005,21,31.4432837
564,Knives Out,312897920,165363234,52.8,147534686,47.2,2019,7,31.289792
565,The Lego Batman Movie,312336671,175936671,56.3,136400000,43.7,2017,9,31.2336671
566,Maze Runner: The Scorch Trials,312296056,81697192,26.2,230598864,73.8,2015,11,31.2296056
567,Resident Evil: The Final Chapter,312242626,26830068,8.6,285412558,91.4,2016,10,31.2242626
568,Ocean's Thirteen,311312624,117154724,37.6,194157900,62.4,2007,19,31.1312624
569,Little Fockers,310650585,148438600,47.8,162211985,52.2,2010,16,31.0650585
570,Bolt,309979994,114053579,36.8,195926415,63.2,2008,18,30.9979994
573,The Blind Side,309231694,255982860,82.8,53248834,17.2,2009,17,30.9231694
574,The Ex-File 3: Return of the Exes,307592427,838959,0.3,306753468,99.7,2017,9,30.7592427
575,The Fault in Our Stars,307170119,124872350,40.6,182297769,59.4,2014,12,30.7170119
576,The Pursuit of Happyness,307127625,163566459,53.3,143561166,46.7,2006,20,30.7127625
577,Rise of the Guardians,306946514,103412758,33.7,203533756,66.3,2012,14,30.6946514
580,Chicago,306777683,170687518,55.6,136090165,44.4,2002,24,30.6777683
581,Annabelle: Creation,306592201,102092201,33.3,204500000,66.7,2017,9,30.6592201
582,Skyscraper,304870828,68420120,22.4,236450708,77.6,2018,8,30.4870828
583,A Good Day to Die Hard,304654182,67349198,22.1,237304984,77.9,2013,13,30.4654182
585,Dangal,303726694,12391761,4.1,291334933,95.9,2016,10,30.3726694
586,Passengers,303144152,100014699,33,203129453,67,2016,10,30.3144152
587,Battleship,303025485,65422625,21.6,237602860,78.4,2012,14,30.3025485
589,G.I. Joe: The Rise of Cobra,302469017,150201498,49.7,152267519,50.3,2009,17,30.2469017
590,Wrath of the Titans,301970083,83670083,27.7,218300000,72.3,2012,14,30.1970083
592,Fantastic Four: Rise of the Silver Surfer,301913131,131921738,43.7,169991393,56.3,2007,19,30.1913131
597,Resident Evil: Afterlife,300228084,60128566,20,240099518,80,2010,16,30.0228084
598,Migration,300187799,127630880,42.5,172556919,57.5,2023,3,30.0187799
599,Van Helsing,300157638,120177084,40,179980554,60,2004,22,30.0157638
602,Alice Through the Looking Glass,299820798,77041381,25.7,222779417,74.3,2016,10,29.9820798
604,Real Steel,299268508,85468508,28.6,213800000,71.4,2011,15,29.9268508
605,Horton Hears a Who!,298572799,154529439,51.8,144043360,48.2,2008,18,29.8572799
606,Ocean's Eight,297795726,140295726,47.1,157500000,52.9,2018,8,29.7795726
607,A Quiet Place Part II,297372261,160072261,53.8,137300000,46.2,2021,5,29.7372261
608,The Divergent Series: Insurgent,297002527,130179072,43.8,166823455,56.2,2015,11,29.7002527
610,Austin Powers in Goldmember,296939148,213307889,71.8,83631259,28.2,2002,24,29.6939148
612,Miss Peregrine's Home for Peculiar Children,296482446,87242834,29.4,209239612,70.6,2016,10,29.6482446
613,X-Men,296339528,157299718,53.1,139039810,46.9,2000,26,29.6339528
614,Ferdinand,296069199,84410380,28.5,211658819,71.5,2017,9,29.6069199
615,Shutter Island,294978537,128012934,43.4,166965603,56.6,2010,16,29.4978537
617,Bee Movie,293518667,126631277,43.1,166887390,56.9,2007,19,29.3518667
618,Salt,293503354,118311368,40.3,175191986,59.7,2010,16,29.3503354
619,G-Force,292817898,119436770,40.8,173381128,59.2,2009,17,29.2817898
620,The Bourne Supremacy,292542992,176241941,60.2,116301051,39.8,2004,22,29.2542992
621,The Departed,292095942,132399394,45.3,159696548,54.7,2006,20,29.2095942
622,Five Nights at Freddy's,291589416,137275620,47.1,154313796,52.9,2023,3,29.1589416
623,What Lies Beneath,291420351,155464351,53.4,135956000,46.6,2000,26,29.1420351
624,Pacific Rim: Uprising,290930148,59874525,20.6,231055623,79.4,2018,8,29.0930148
625,Sex and the City 2,290745055,95347692,32.8,195397363,67.2,2010,16,29.0745055
627,Paddington 2,290132513,40907738,14.1,249224775,85.9,2017,9,29.0132513
629,Bridesmaids,289086744,169451048,58.6,119635696,41.4,2011,15,28.9086744
630,Divergent,288885818,150947895,52.2,137937923,47.8,2014,12,28.8885818
632,Elvis,288670284,151040048,52.3,137630236,47.7,2022,4,28.8670284
633,Wedding Crashers,288485135,209273411,72.5,79211724,27.5,2005,21,28.8485135
634,Maze Runner: The Death Cure,288175335,58032443,20.1,230142892,79.9,2018,8,28.8175335
635,American Pie 2,287553595,145103595,50.5,142450000,49.5,2001,25,28.7553595
636,Pitch Perfect 2,287144079,184296230,64.2,102847849,35.8,2015,11,28.7144079
638,Oblivion,286168572,89107235,31.1,197061337,68.9,2013,13,28.6168572
639,Elysium,286140700,93050117,32.5,193090583,67.5,2013,13,28.61407
641,John Carter,284139100,73078100,25.7,211061000,74.3,2012,14,28.41391
642,The Boy and the Heron,283506764,47343204,16.7,236163560,83.3,2023,3,28.3506764
643,Turbo,282570682,83028128,29.4,199542554,70.6,2013,13,28.2570682
644,Bridget Jones's Diary,281996961,71543427,25.4,210453534,74.6,2001,25,28.1996961
645,The Tourist,278780441,67631157,24.3,211149284,75.7,2010,16,27.8780441
646,Split,278454417,138291365,49.7,140163052,50.3,2017,9,27.8454417
647,Scary Movie,278023280,157019771,56.5,121003509,43.5,2000,26,27.802328
648,Blade Runner 2049,277937605,92071675,33.1,185865930,66.9,2017,9,27.7937605
649,xXx,277448382,142109382,51.2,135339000,48.8,2002,24,27.7448382
650,Creed III,276148615,156248615,56.6,119900000,43.4,2023,3,27.6148615
651,The Bourne Legacy,276144750,113203870,41,162940880,59,2012,14,27.614475
652,Mr. Peabody & Sherman,275698039,111506430,40.4,164191609,59.6,2014,12,27.5698039
653,Scooby-Doo,275682171,153322074,55.6,122360097,44.4,2002,24,27.5682171
654,Lincoln,275293450,182207973,66.2,93085477,33.8,2012,14,27.529345
655,Tomb Raider,274950803,58250803,21.2,216700000,78.8,2018,8,27.4950803
656,Lilo & Stitch,274749220,145794338,53.1,128954882,46.9,2002,24,27.474922
657,Lara Croft: Tomb Raider,274703340,131168070,47.8,143535270,52.2,2001,25,27.470334
658,The Expendables,274470394,103068524,37.6,171401870,62.4,2010,16,27.4470394
659,Cloudy with a Chance of Meatballs 2,274325949,119793567,43.7,154532382,56.3,2013,13,27.4325949
660,731,274090081,410904,0.2,273679177,99.8,2025,1,27.4090081
663,Bad Boys II,273340010,138608444,50.7,134731566,49.3,2003,23,27.334001
665,Grown Ups,271457606,162001186,59.7,109456420,40.3,2010,16,27.1457606
666,The Flash,271433313,108133313,39.8,163300000,60.2,2023,3,27.1433313
667,Neighbors,270665134,150157400,55.5,120507734,44.5,2014,12,27.0665134
669,We're the Millers,269994119,150394119,55.7,119600000,44.3,2012,14,26.9994119
670,Weapons,269972492,151572492,56.1,118400000,43.9,2025,1,26.9972492
671,Gran Torino,269958228,148095302,54.9,121862926,45.1,2008,18,26.9958228
672,"10,000 BC",269784201,94784201,35.1,175000000,64.9,2008,18,26.9784201
673,American Gangster,269755430,130164645,48.2,139590785,51.8,2007,19,26.975543
674,The Nun II,269667073,86267073,32,183400000,68,2023,3,26.9667073
675,Epic,268426634,107518682,40.1,160907952,59.9,2013,13,26.8426634
676,Exodus: Gods and Kings,268175631,65014513,24.2,203161118,75.8,2014,12,26.8175631
677,This Is It,267983588,72091016,26.9,195892572,73.1,2009,17,26.7983588
679,The Princess and the Frog,267056816,104400899,39.1,162655917,60.9,2009,17,26.7056816
682,Something's Gotta Give,265328837,124728738,47,140600099,53,2003,23,26.5328837
683,Bridget Jones: The Edge of Reason,265126918,40226215,15.2,224900703,84.8,2004,22,26.5126918
684,The Incredible Hulk,264770996,134806913,50.9,129964083,49.1,2008,18,26.4770996
687,Charlie's Angels,264105545,125305545,47.4,138800000,52.6,2000,26,26.4105545
690,Borat,262552893,128505958,48.9,134046935,51.1,2006,20,26.2552893
691,Parasite,262550310,53847897,20.5,208702413,79.5,2019,7,26.255031
692,Robots,262511490,128200012,48.8,134311478,51.2,2005,21,26.251149
693,Knight and Day,261930436,76423035,29.2,185507401,70.8,2010,16,26.1930436
694,A Quiet Place: Day One,261907653,139051884,53.1,122855769,46.9,2024,2,26.1907653
695,Taylor Swift: The Eras Tour,261656269,180756269,69.1,80900000,30.9,2023,3,26.1656269
697,Encanto,261292688,96093622,36.8,165199066,63.2,2021,5,26.1292688
698,Terminator: Dark Fate,261119292,62253077,23.8,198866215,76.2,2019,7,26.1119292
699,The Lone Ranger,260502115,89302115,34.3,171200000,65.7,2013,13,26.0502115
700,Super 8,260095986,127004179,48.8,133091807,51.2,2011,15,26.0095986
701,Halloween,259939869,159342015,61.3,100597854,38.7,2018,8,25.9939869
702,Get Out,259861530,176196665,67.8,83664865,32.2,2016,10,25.986153
703,Mojin: The Lost Legend,259368448,1243810,0.5,258124638,99.5,2015,11,25.9368448
704,Charlie's Angels: Full Throttle,259175788,100830111,38.9,158345677,61.1,2003,23,25.9175788
705,Rush Hour 3,258097122,140125968,54.3,117971154,45.7,2007,19,25.8097122
707,Erin Brockovich,257851763,125595205,48.7,132256558,51.3,2000,26,25.7851763
708,Kung Fu Yoga,257753889,362657,0.1,257391232,99.9,2017,9,25.7753889
709,Annabelle,257589952,84284252,32.7,173305700,67.3,2014,12,25.7589952
710,The Garfield Movie,257211519,91956547,35.8,165254972,64.2,2024,2,25.7211519
711,The Village,256697520,114197520,44.5,142500000,55.5,2003,23,25.669752
712,Lost in Hong Kong,256283912,1302281,0.5,254981631,99.5,2015,11,25.6283912
713,Us,256071218,175084580,68.4,80986638,31.6,2019,7,25.6071218
715,Marley & Me,255743968,143153751,56,112590217,44,2008,18,25.5743968
717,Wish,254997360,63973821,25.1,191023539,74.9,2023,3,25.499736
718,Baahubali 2: The Conclusion,254158390,20186659,7.9,233971731,92.1,2017,9,25.415839
720,Men in Black: International,253890701,80001807,31.5,173888894,68.5,2019,7,25.3890701
721,Wild Hogs,253625427,168273550,66.4,85351877,33.6,2007,19,25.3625427
722,High School Musical 3: Senior Year,252937244,90559416,35.8,162377828,64.2,2008,18,25.2937244
724,Love Actually,252591708,60352285,23.9,192239423,76.1,2003,23,25.2591708
725,X-Men: Dark Phoenix,252442974,65845974,26.1,186597000,73.9,2019,7,25.2442974
726,True Grit,252278285,171243005,67.9,81035280,32.1,2010,16,25.2278285
727,Dolittle,251410631,77047065,30.6,174363566,69.4,2020,6,25.1410631
729,American Hustle,251171807,150117807,59.8,101054000,40.2,2013,13,25.1171807
734,Sound of Freedom,250570396,184178046,73.5,66392350,26.5,2023,3,25.0570396
735,Eragon,250425512,75030163,30,175395349,70,2006,20,25.0425512
736,Brother Bear,250397798,85336277,34.1,165061521,65.9,2003,23,25.0397798
737,The Bad Guys,250387888,97459240,38.9,152928648,61.1,2022,4,25.0387888
740,The Ring,249348933,129128133,51.8,120220800,48.2,2002,24,24.9348933
742,Unbreakable,248118121,95011339,38.3,153106782,61.7,2000,26,24.8118121
743,Journey to the West: The Demons Strike Back,247585244,880346,0.4,246704898,99.6,2017,9,24.7585244
745,Glass,246999039,111048468,45,135950571,55,2019,7,24.6999039
746,Grown Ups 2,246984278,133668525,54.1,113315753,45.9,2013,13,24.6984278
747,The First Slam Dunk,246868956,1291869,0.5,245577087,99.5,2022,4,24.6868956
748,The Peanuts Movie,246233113,130178411,52.9,116054702,47.1,2015,11,24.6233113
749,Rango,245724603,123477607,50.2,122246996,49.8,2011,15,24.5724603
752,Teenage Mutant Ninja Turtles: Out of the Shadows,245623848,82051601,33.4,163572247,66.6,2016,10,24.5623848
753,Dark Shadows,245527817,79727149,32.5,165800668,67.5,2012,14,24.5527817
754,Hulk,245285165,132177234,53.9,113107931,46.1,2003,23,24.5285165
755,The Bravest,245179562,290217,0.1,244889345,99.9,2019,7,24.5179562
758,Pixels,244874809,78747585,32.2,166127224,67.8,2015,11,24.4874809
759,Hercules,244819862,72688614,29.7,172131248,70.3,2014,12,24.4819862
761,Journey to the Center of the Earth,244232688,101704370,41.6,142528318,58.4,2008,18,24.4232688
762,Sully,243870033,125070033,51.3,118800000,48.7,2016,10,24.3870033
763,After Earth,243611982,60522097,24.8,183089885,75.2,2013,13,24.3611982
764,Howl's Moving Castle,243392981,10352604,4.2,233040377,95.8,2004,22,24.3392981
766,Cloudy with a Chance of Meatballs,243006136,124870275,51.4,118135861,48.6,2009,17,24.3006136
767,8 Mile,242875078,116750901,48.1,126124177,51.9,2002,24,24.2875078
768,Daddy's Home,242786137,150357137,61.9,92429000,38.1,2015,11,24.2786137
769,RoboCop,242688965,58607007,24.2,184081958,75.8,2014,12,24.2688965
770,Now You See Me: Now You Don't,242335057,61882396,25.5,180452661,74.5,2025,1,24.2335057
772,Alien: Covenant,240892187,74262031,30.8,166630156,69.2,2017,9,24.0892187
773,Assassin's Creed,240697856,54647948,22.7,186049908,77.3,2016,10,24.0697856
774,Click,240685326,137355633,57.1,103329693,42.9,2006,20,24.0685326
775,Jiang Ziya,240646355,214670,0.1,240431685,99.9,2020,6,24.0646355
776,Planes,240171783,90288712,37.6,149883071,62.4,2013,13,24.0171783
777,Resident Evil: Retribution,240159255,42345531,17.6,197813724,82.4,2012,14,24.0159255
779,The Bad Guys 2,239618668,82593605,34.5,157025063,65.5,2025,1,23.9618668
781,Crazy Rich Asians,239343729,174837452,73,64506277,27,2018,8,23.9343729
782,Bullet Train,239268602,103368602,43.2,135900000,56.8,2022,4,23.9268602
783,Five Nights at Freddy's 2,238476616,127730290,53.6,110746326,46.4,2025,1,23.8476616
785,Hidden Figures,237613666,169607287,71.4,68006379,28.6,2016,10,23.7613666
786,Gulliver's Travels,237382724,42779261,18,194603463,82,2010,16,23.7382724
787,Gone in 60 Seconds,237202299,101648571,42.8,135553728,57.2,2000,26,23.7202299
788,Green Lantern,237201172,116601172,49.2,120600000,50.8,2011,15,23.7201172
790,Silver Linings Playbook,236412453,132092958,55.9,104319495,44.1,2012,14,23.6412453
791,2 Fast 2 Furious,236353236,127154901,53.8,109198335,46.2,2003,23,23.6353236
792,A.I. Artificial Intelligence,235926635,78616689,33.3,157309946,66.7,2001,25,23.5926635
794,Spy,235666219,110825712,47,124840507,53,2015,11,23.5666219
796,American Reunion,234989584,57011521,24.3,177978063,75.7,2012,14,23.4989584
798,Alvin and the Chipmunks: The Road Chip,234798636,85886987,36.6,148911649,63.4,2015,11,23.4798636
799,The Imitation Game,233555708,91125683,39,142430025,61,2014,12,23.3555708
800,Cruella,233503234,86103234,36.9,147400000,63.1,2021,5,23.3503234
801,The Day the Earth Stood Still,233093859,79366978,34,153726881,66,2008,18,23.3093859
802,Elf,232908088,179757261,77.2,53150827,22.8,2003,23,23.2908088
803,American Wedding,232722935,104565114,44.9,128157821,55.1,2003,23,23.2722935
804,The Girl with the Dragon Tattoo,232617430,102515793,44.1,130101637,55.9,2011,15,23.261743
805,Juno,232373066,143495265,61.8,88877801,38.2,2007,19,23.2373066
806,Argo,232325503,136025503,58.6,96300000,41.4,2012,14,23.2325503
807,Mr. Bean's Holiday,232225908,33302167,14.3,198923741,85.7,2007,19,23.2225908
810,Annabelle Comes Home,231252591,74152591,32.1,157100000,67.9,2019,7,23.1252591
811,Constantine,230912116,75976178,32.9,154935938,67.1,2005,21,23.0912116
812,Get Smart,230685453,130319208,56.5,100366245,43.5,2008,18,23.0685453
815,The Heat,229930771,159582188,69.4,70348583,30.6,2013,13,22.9930771
816,Ghostbusters,229147509,128350574,56,100796935,44,2016,10,22.9147509
817,Ghost Rider,228738393,115802596,50.6,112935797,49.4,2007,19,22.8738393
818,Goodbye Mr. Loser,228122928,1293626,0.6,226829302,99.4,2015,11,22.8122928
821,The Green Hornet,227817248,98780042,43.4,129037206,56.6,2011,15,22.7817248
823,Better Days,227140557,1921657,0.8,225218900,99.2,2019,7,22.7140557
824,Youth,227091290,1891956,0.8,225199334,99.2,2017,9,22.709129
825,Baby Driver,226945087,107825862,47.5,119119225,52.5,2017,9,22.6945087
826,Immortals,226904017,83504017,36.8,143400000,63.2,2011,15,22.6904017
827,Taken,226837760,145000989,63.9,81836771,36.1,2008,18,22.683776
828,Percy Jackson & the Olympians: The Lightning Thief,226497209,88768303,39.2,137728906,60.8,2010,16,22.6497209
829,Lightyear,226425420,118307188,52.2,108118232,47.8,2022,4,22.642542
830,Hansel & Gretel: Witch Hunters,226349749,55703475,24.6,170646274,75.4,2013,13,22.6349749
831,Ford v Ferrari,226299480,117624357,52,108675123,48,2019,7,22.629948
832,Valerian and the City of a Thousand Planets,225973340,41189488,18.2,184783852,81.8,2017,9,22.597334
834,Chicken Run,225142782,107071709,47.6,118071073,52.4,2000,26,22.5142782
835,Jumper,225132113,80172128,35.6,144959985,64.4,2008,18,22.5132113
836,The Social Network,224927749,96962694,43.1,127965055,56.9,2010,16,22.4927749
839,Flightplan,223387299,89707299,40.2,133680000,59.8,2005,21,22.3387299
840,Yes Man,223241637,97690976,43.8,125550661,56.2,2008,18,22.3241637
841,Non-Stop,222809600,92168600,41.4,130641000,58.6,2014,12,22.28096
843,Fahrenheit 9/11,222446882,119194771,53.6,103252111,46.4,2004,22,22.2446882
844,Napoleon,222435664,61524375,27.7,160911289,72.3,2023,3,22.2435664
846,Geostorm,221900160,33700160,15.2,188200000,84.8,2017,9,22.190016
847,"My Country, My Parents",221831086,177133,0.1,221653953,99.9,2021,5,22.1831086
848,The Help,221802186,169708112,76.5,52094074,23.5,2011,15,22.1802186
850,Suzume,221184739,10932037,4.9,210252702,95.1,2022,4,22.1184739
851,Jungle Cruise,220889446,116987516,53,103901930,47,2021,5,22.0889446
852,Scary Movie 3,220673217,110003217,49.8,110670000,50.2,2003,23,22.0673217
853,Anyone But You,220332985,88319668,40.1,132013317,59.9,2023,3,22.0332985
854,Collateral,220241086,101005703,45.9,119235383,54.1,2004,22,22.0241086
855,Little Women,220102679,108101214,49.1,112001465,50.9,2019,7,22.0102679
856,Inferno,220021259,34343574,15.6,185677685,84.4,2016,10,22.0021259
857,Knocked Up,219922417,148768917,67.6,71153500,32.4,2007,19,21.9922417
858,What Happens in Vegas,219375562,80277646,36.6,139097916,63.4,2008,18,21.9375562
859,It's Complicated,219103655,112735375,51.4,106368280,48.6,2009,17,21.9103655
860,The Terminal,219100084,77872883,35.5,141227201,64.5,2004,22,21.9100084
861,Captain Phillips,218791811,107100855,49,111690956,51,2013,13,21.8791811
863,Jack Reacher,218340595,80070736,36.7,138269859,63.3,2012,14,21.8340595
865,Smallfoot,218015531,83315531,38.2,134700000,61.8,2018,8,21.8015531
866,The Emoji Movie,217776646,86089513,39.5,131687133,60.5,2017,9,21.7776646
867,Smile,217408513,105935048,48.7,111473465,51.3,2022,4,21.7408513
868,Too Cool to Kill,217254604,185882,0.1,217068722,99.9,2022,4,21.7254604
869,Dracula Untold,217124280,56280355,25.9,160843925,74.1,2014,12,21.712428
870,Central Intelligence,216940871,127440871,58.7,89500000,41.3,2016,10,21.6940871
871,Million Dollar Baby,216763646,100492203,46.4,116271443,53.6,2004,22,21.6763646
873,Valentine's Day,216528528,110528528,51,106000000,49,2010,16,21.6528528
875,Bad Teacher,216197492,100292856,46.4,115904636,53.6,2011,15,21.6197492
877,The Croods: A New Age,215905815,58568815,27.1,157337000,72.9,2020,6,21.5905815
880,Ted 2,215863606,81476385,37.7,134387221,62.3,2015,11,21.5863606
882,Vertical Limit,215663859,69243859,32.1,146420000,67.9,2000,26,21.5663859
884,The Patriot,215294342,113330342,52.6,101964000,47.4,2000,26,21.5294342
885,The Sorcerer's Apprentice,215283742,63150991,29.3,152132751,70.7,2010,16,21.5283742
886,Just Go with It,214945591,103028109,47.9,111917482,52.1,2011,15,21.4945591
887,The Expendables 3,214657577,39322544,18.3,175335033,81.7,2014,12,21.4657577
889,Creed II,214215889,115715889,54,98500000,46,2018,8,21.4215889
890,Kingdom of Heaven,214171045,47527678,22.2,166643367,77.8,2005,21,21.4171045
891,Public Enemies,214104620,97104620,45.4,117000000,54.6,2009,17,21.410462
892,The Bourne Identity,214034224,121661683,56.8,92372541,43.2,2002,24,21.4034224
894,"Crouching Tiger, Hidden Dragon",213979405,128530421,60.1,85448984,39.9,2000,26,21.3979405
896,The Aviator,213719942,102610330,48,111109612,52,2004,22,21.3719942
898,Into the Woods,212902959,128002372,60.1,84900587,39.9,2014,12,21.2902959
899,Bedtime Stories,212874864,110101975,51.7,102772889,48.3,2008,18,21.2874864
900,Arrival,212758656,100546139,47.3,112212517,52.7,2016,10,21.2758656
901,Miss Congeniality,212758130,106807667,50.2,105950463,49.8,2000,26,21.275813
905,Bridget Jones's Baby,211952420,24252420,11.4,187700000,88.6,2016,10,21.195242
906,Australia,211851034,49554002,23.4,162297032,76.6,2008,18,21.1851034
907,Fury,211822697,85817906,40.5,126004791,59.5,2014,12,21.1822697
908,Battle Los Angeles,211819354,83552429,39.4,128266925,60.6,2011,15,21.1819354
909,Due Date,211780824,100539043,47.5,111241781,52.5,2010,16,21.1780824
910,Master and Commander: The Far Side of the World,211623421,93927920,44.4,117695501,55.6,2003,23,21.1623421
911,A Series of Unfortunate Events,211468235,118634549,56.1,92833686,43.9,2004,22,21.1468235
914,District 9,210889681,115646235,54.8,95243446,45.2,2009,17,21.0889681
916,Trolls Band Together,210231405,103270155,49.1,106961250,50.9,2023,3,21.0231405
917,The Others,210032066,96578502,46,113453564,54,2001,25,21.0032066
918,Horrible Bosses,209838559,117538559,56,92300000,44,2011,15,20.9838559
919,One Battle After Another,209334238,72234238,34.5,137100000,65.5,2025,1,20.9334238
921,Red Dragon,209196298,93149898,44.5,116046400,55.5,2002,24,20.9196298
922,Tomorrowland,209035668,93436322,44.7,115599346,55.3,2015,11,20.9035668
923,Me Before You,208450780,56245075,27,152205705,73,2016,10,20.845078
924,Safe House,208076205,126373434,60.7,81702771,39.3,2012,14,20.8076205
925,S.W.A.T.,207725639,116934650,56.3,90790989,43.7,2003,23,20.7725639
926,DC League of Super-Pets,207557117,93657117,45.1,113900000,54.9,2022,4,20.7557117
927,The Fast and the Furious,207517995,144745925,69.8,62772070,30.2,2001,25,20.7517995
928,Traffic,207515725,124115725,59.8,83400000,40.2,2000,26,20.7515725
929,Joker: Folie ďż˝ďż˝ď,207500287,58300287,28.1,149200000,71.9,2024,2,20.7500287
930,Paranormal Activity 3,207039844,104028807,50.2,103011037,49.8,2011,15,20.7039844
932,Ponyo,206560406,16543471,8,190016935,92,2008,18,20.6560406
933,The Conjuring: The Devil Made Me Do It,206444123,65631050,31.8,140813073,68.2,2021,5,20.6444123
934,The Marvels,206136825,84500223,41,121636602,59,2023,3,20.6136825
937,Raging Fire,205842393,385305,0.2,205457088,99.8,2021,5,20.5842393
938,London Has Fallen,205754447,62524260,30.4,143230187,69.6,2016,10,20.5754447
939,Snow White,205679463,87203963,42.4,118475500,57.6,2025,1,20.5679463
940,The Break-Up,205668210,118703275,57.7,86964935,42.3,2006,20,20.566821
941,Journey to the West: Conquering the Demons,205637183,18058,0.1,205619125,100,2013,13,20.5637183
942,The Ugly Truth,205599393,88915214,43.2,116684179,56.8,2009,17,20.5599393
943,Birds of Prey and the Fantabulous Emancipation of One Harley Quinn,205537933,84172791,41,121365142,59,2020,6,20.5537933
944,Dungeons & Dragons: Honor Among Thieves,205460387,93549650,45.5,111910737,54.5,2023,3,20.5460387
945,Wuthering Heights,205414775,76214775,37.1,129200000,62.9,2026,0,20.5414775
947,White House Down,205366737,73103784,35.6,132262953,64.4,2013,13,20.5366737
948,The Holiday,205233866,63224849,30.8,142009017,69.2,2006,20,20.5233866
949,PAW Patrol: The Mighty Movie,205098869,65343309,31.9,139755560,68.1,2023,3,20.5098869
950,A Dog's Purpose,205035819,64508620,31.5,140527199,68.5,2017,9,20.5035819
951,Fun with Dick and Jane,204681899,110332737,53.9,94349162,46.1,2005,21,20.4681899
952,Eat Pray Love,204596571,80574010,39.4,124022561,60.6,2010,16,20.4596571
953,Ghostbusters: Afterlife,204445747,129471867,63.3,74973880,36.7,2021,5,20.4445747
954,The Addams Family,204394183,100723831,49.3,103670352,50.7,2019,7,20.4394183
955,You Don't Mess with the Zohan,204313400,100018837,49,104294563,51,2008,18,20.43134
956,Hairspray,203631405,118946291,58.4,84685114,41.6,2007,19,20.3631405
957,King Arthur,203567857,51882244,25.5,151685613,74.5,2004,22,20.3567857
958,Yogi Bear,203509374,100246011,49.3,103263363,50.7,2010,16,20.3509374
959,Everest,203427584,43482270,21.4,159945314,78.6,2015,11,20.3427584
960,Vanilla Sky,203388341,100618344,49.5,102769997,50.5,2001,25,20.3388341
961,Need for Speed,203277636,43577636,21.4,159700000,78.6,2014,12,20.3277636
962,Garfield: The Movie,203172417,75369589,37.1,127802828,62.9,2004,22,20.3172417
965,Ghostbusters: Frozen Empire,201967521,113376590,56.1,88590931,43.9,2024,2,20.1967521
967,Straight Outta Compton,201634991,161197785,80,40437206,20,2015,11,20.1634991
968,21 Jump Street,201585556,138447667,68.7,63137889,31.3,2012,14,20.1585556
969,Valkyrie,201545517,83077833,41.2,118467684,58.8,2008,18,20.1545517
970,Open Season,200811689,85105259,42.4,115706430,57.6,2006,20,20.0811689
971,Cats & Dogs,200687492,93385515,46.5,107301977,53.5,2001,25,20.0687492
973,Percy Jackson: Sea of Monsters,199850315,68559554,34.3,131290761,65.7,2013,13,19.9850315
974,The Lego Movie 2: The Second Part,199603202,105956290,53.1,93646912,46.9,2019,7,19.9603202
975,Two Weeks Notice,199043471,93354851,46.9,105688620,53.1,2002,24,19.9043471
976,RED,199006387,90380162,45.4,108626225,54.6,2010,16,19.9006387
979,The Pacifier,198636868,113086868,56.9,85550000,43.1,2005,21,19.8636868
980,50 First Dates,198520934,120908074,60.9,77612860,39.1,2004,22,19.8520934
981,Total Recall,198467607,58877969,29.7,139589638,70.3,2012,14,19.8467607
982,The Island,198326350,670883,0.3,197655467,99.7,2018,8,19.832635
983,The Impossible,198087212,19019882,9.6,179067330,90.4,2012,14,19.8087212
984,Lost in Thailand,197757387,57387,0.1,197700000,100,2012,14,19.7757387
985,Christopher Robin,197744825,99215042,50.2,98529783,49.8,2018,8,19.7744825
986,Jack the Giant Slayer,197687603,65187603,33,132500000,67,2013,13,19.7687603
987,Smurfs: The Lost Village,197183546,45020282,22.8,152163264,77.2,2017,9,19.7183546
989,Spy Kids 3: Game Over,197101678,111761982,56.7,85339696,43.3,2003,23,19.7101678
990,Panic Room,197079546,96397334,48.9,100682212,51.1,2002,24,19.7079546
991,The Other Woman,196710396,83911193,42.7,112799203,57.3,2014,12,19.6710396
993,Beowulf,196393745,82280579,41.9,114113166,58.1,2007,19,19.6393745
994,The Vow,196114570,125014030,63.8,71100540,36.2,2012,14,19.611457
995,Anger Management,195745823,135645823,69.3,60100000,30.7,2003,23,19.5745823
996,Tropic Thunder,195703708,110515313,56.5,85188395,43.5,2008,18,19.5703708
997,Rocketman,195320400,96368160,49.3,98952240,50.7,2019,7,19.53204
999,The Shape of Water,195243464,63859435,32.7,131384029,67.3,2017,9,19.5243464
1000,The Intern,194764672,75764672,38.9,119000000,61.1,2015,11,19.4764672
